{
  "config_general": {
    "lighteval_sha": "564ffe324ee8de9c0de34e232380a9307c5e5303",
    "num_fewshot_seeds": 1,
    "override_batch_size": -1,
    "max_samples": null,
    "job_id": 0,
    "start_time": 1599894.518879724,
    "end_time": 1601675.351935271,
    "total_evaluation_time_secondes": "1780.833055546973",
    "model_name": "NicoHelemon/MNLP_M3_mcqa_model_cot00_e3",
    "model_sha": "8653fbc938ae4042e5fb09a0bd722cb6f1248b76",
    "model_dtype": "torch.float16",
    "model_size": "1.11 GB",
    "generation_parameters": {
      "early_stopping": null,
      "repetition_penalty": null,
      "frequency_penalty": null,
      "length_penalty": null,
      "presence_penalty": null,
      "max_new_tokens": null,
      "min_new_tokens": null,
      "seed": null,
      "stop_tokens": null,
      "temperature": 0.0,
      "top_k": null,
      "min_p": null,
      "top_p": null,
      "truncate_prompt": null,
      "response_format": null
    }
  },
  "results": {
    "community|MNLP_M3_mcqa_dataset|0": {
      "acc": 0.4711177794448612,
      "acc_stderr": 0.013677040046233643,
      "acc_norm": 0.4711177794448612,
      "acc_norm_stderr": 0.013677040046233643
    },
    "community|mmlu:stem|0": {
      "acc": 0.4800645309979258,
      "acc_stderr": 0.007585422205208701,
      "acc_norm": 0.4316662825535838,
      "acc_norm_stderr": 0.007520227879101373
    },
    "community|mnlp_mcqa_evals|0": {
      "acc": 0.5,
      "acc_stderr": 0.07142857142857142,
      "acc_norm": 0.36,
      "acc_norm_stderr": 0.06857142857142856
    },
    "community|mnlp_mcqa_evals_legacy|0": {
      "acc": 0.5,
      "acc_stderr": 0.07142857142857142,
      "acc_norm": 0.5,
      "acc_norm_stderr": 0.07142857142857142
    },
    "helm|commonsenseqa|0": {
      "acc": 0.5773955773955773,
      "acc_stderr": 0.01414242323358035,
      "acc_norm": 0.5773955773955773,
      "acc_norm_stderr": 0.01414242323358035
    },
    "helm|med_qa|0": {
      "acc": 0.2821218074656189,
      "acc_stderr": 0.00892247121693983,
      "acc_norm": 0.2821218074656189,
      "acc_norm_stderr": 0.00892247121693983
    },
    "original|arc:c:letters|0": {
      "acc": 0.7167235494880546,
      "acc_stderr": 0.013167478735134573,
      "acc_norm": 0.7167235494880546,
      "acc_norm_stderr": 0.013167478735134573
    },
    "all": {
      "acc": 0.5039176063988625,
      "acc_stderr": 0.028621711184891423,
      "acc_norm": 0.47700357090681367,
      "acc_norm_stderr": 0.028204234444427108
    }
  },
  "versions": {
    "community|MNLP_M3_mcqa_dataset|0": 0,
    "community|mmlu:stem|0": 0,
    "community|mnlp_mcqa_evals|0": 0,
    "community|mnlp_mcqa_evals_legacy|0": 0,
    "helm|commonsenseqa|0": 0,
    "helm|med_qa|0": 0,
    "original|arc:c:letters|0": 0
  },
  "config_tasks": {
    "community|MNLP_M3_mcqa_dataset": {
      "name": "MNLP_M3_mcqa_dataset",
      "prompt_function": "MNLP_M3_mcqa_dataset_harness",
      "hf_repo": "NicoHelemon/MNLP_M3_mcqa_dataset",
      "hf_subset": "",
      "metric": [
        {
          "metric_name": "acc",
          "higher_is_better": true,
          "category": "8",
          "use_case": "1",
          "sample_level_fn": "compute",
          "corpus_level_fn": "mean"
        },
        {
          "metric_name": "acc_norm",
          "higher_is_better": true,
          "category": "8",
          "use_case": "1",
          "sample_level_fn": "compute",
          "corpus_level_fn": "mean"
        }
      ],
      "hf_revision": null,
      "hf_filter": null,
      "hf_avail_splits": [
        "test",
        "validation"
      ],
      "trust_dataset": true,
      "limited_num_samples": 0,
      "evaluation_splits": [
        "test",
        "validation"
      ],
      "few_shots_split": null,
      "few_shots_select": null,
      "generation_size": -1,
      "generation_grammar": null,
      "stop_sequence": [],
      "num_samples": null,
      "suite": [
        "community"
      ],
      "original_num_docs": 1333,
      "effective_num_docs": 1333,
      "must_remove_duplicate_docs": false,
      "version": 0
    },
    "community|mmlu:stem": {
      "name": "mmlu:stem",
      "prompt_function": "mmlu_harness",
      "hf_repo": "NicoHelemon/mmlu_STEM",
      "hf_subset": "",
      "metric": [
        {
          "metric_name": "acc",
          "higher_is_better": true,
          "category": "8",
          "use_case": "1",
          "sample_level_fn": "compute",
          "corpus_level_fn": "mean"
        },
        {
          "metric_name": "acc_norm",
          "higher_is_better": true,
          "category": "8",
          "use_case": "1",
          "sample_level_fn": "compute",
          "corpus_level_fn": "mean"
        }
      ],
      "hf_revision": null,
      "hf_filter": null,
      "hf_avail_splits": [
        "test",
        "validation",
        "dev"
      ],
      "trust_dataset": true,
      "limited_num_samples": 0,
      "evaluation_splits": [
        "test"
      ],
      "few_shots_split": null,
      "few_shots_select": null,
      "generation_size": -1,
      "generation_grammar": null,
      "stop_sequence": [],
      "num_samples": null,
      "suite": [
        "community"
      ],
      "original_num_docs": 4339,
      "effective_num_docs": 4339,
      "must_remove_duplicate_docs": false,
      "version": 0
    },
    "community|mnlp_mcqa_evals": {
      "name": "mnlp_mcqa_evals",
      "prompt_function": "mmlu_harness",
      "hf_repo": "zechen-nlp/MNLP_STEM_mcqa_demo",
      "hf_subset": "",
      "metric": [
        {
          "metric_name": "acc",
          "higher_is_better": true,
          "category": "8",
          "use_case": "1",
          "sample_level_fn": "compute",
          "corpus_level_fn": "mean"
        },
        {
          "metric_name": "acc_norm",
          "higher_is_better": true,
          "category": "8",
          "use_case": "1",
          "sample_level_fn": "compute",
          "corpus_level_fn": "mean"
        }
      ],
      "hf_revision": null,
      "hf_filter": null,
      "hf_avail_splits": [
        "test"
      ],
      "trust_dataset": true,
      "limited_num_samples": 0,
      "evaluation_splits": [
        "test"
      ],
      "few_shots_split": null,
      "few_shots_select": null,
      "generation_size": -1,
      "generation_grammar": null,
      "stop_sequence": [],
      "num_samples": null,
      "suite": [
        "community"
      ],
      "original_num_docs": 50,
      "effective_num_docs": 50,
      "must_remove_duplicate_docs": false,
      "version": 0
    },
    "community|mnlp_mcqa_evals_legacy": {
      "name": "mnlp_mcqa_evals_legacy",
      "prompt_function": "mmlu_harness_legacy",
      "hf_repo": "zechen-nlp/MNLP_STEM_mcqa_demo",
      "hf_subset": "",
      "metric": [
        {
          "metric_name": "acc",
          "higher_is_better": true,
          "category": "8",
          "use_case": "1",
          "sample_level_fn": "compute",
          "corpus_level_fn": "mean"
        },
        {
          "metric_name": "acc_norm",
          "higher_is_better": true,
          "category": "8",
          "use_case": "1",
          "sample_level_fn": "compute",
          "corpus_level_fn": "mean"
        }
      ],
      "hf_revision": null,
      "hf_filter": null,
      "hf_avail_splits": [
        "test"
      ],
      "trust_dataset": true,
      "limited_num_samples": 0,
      "evaluation_splits": [
        "test"
      ],
      "few_shots_split": null,
      "few_shots_select": null,
      "generation_size": -1,
      "generation_grammar": null,
      "stop_sequence": [],
      "num_samples": null,
      "suite": [
        "community"
      ],
      "original_num_docs": 50,
      "effective_num_docs": 50,
      "must_remove_duplicate_docs": false,
      "version": 0
    },
    "helm|commonsenseqa": {
      "name": "commonsenseqa",
      "prompt_function": "commonsense_qa",
      "hf_repo": "commonsense_qa",
      "hf_subset": "default",