{
  "config_general": {
    "lighteval_sha": "564ffe324ee8de9c0de34e232380a9307c5e5303",
    "num_fewshot_seeds": 1,
    "override_batch_size": -1,
    "max_samples": null,
    "job_id": 0,
    "start_time": 1377549.785773272,
    "end_time": 1378254.995148915,
    "total_evaluation_time_secondes": "705.2093756431714",
    "model_name": "NicoHelemon/MNLP_M3_mcqa_model_cot10_e1",
    "model_sha": "50095a6e35a281710316bfd531c40df18a222ed9",
    "model_dtype": "torch.float16",
    "model_size": "1.11 GB",
    "generation_parameters": {
      "early_stopping": null,
      "repetition_penalty": null,
      "frequency_penalty": null,
      "length_penalty": null,
      "presence_penalty": null,
      "max_new_tokens": null,
      "min_new_tokens": null,
      "seed": null,
      "stop_tokens": null,
      "temperature": 0.0,
      "top_k": null,
      "min_p": null,
      "top_p": null,
      "truncate_prompt": null,
      "response_format": null
    }
  },
  "results": {
    "community|MNLP_M3_mcqa_dataset|0": {
      "acc": 0.46886721680420107,
      "acc_stderr": 0.013673332526500095,
      "acc_norm": 0.46886721680420107,
      "acc_norm_stderr": 0.013673332526500095
    },
    "community|mmlu:stem|0": {
      "acc": 0.43051394330490894,
      "acc_stderr": 0.0075177933686333106,
      "acc_norm": 0.38395943765844665,
      "acc_norm_stderr": 0.007384184747943208
    },
    "community|mnlp_mcqa_evals|0": {
      "acc": 0.34,
      "acc_stderr": 0.06767268161329719,
      "acc_norm": 0.26,
      "acc_norm_stderr": 0.06266203485560375
    },
    "community|mnlp_mcqa_evals_legacy|0": {
      "acc": 0.42,
      "acc_stderr": 0.07050835816716035,
      "acc_norm": 0.42,
      "acc_norm_stderr": 0.07050835816716035
    },
    "helm|commonsenseqa|0": {
      "acc": 0.592956592956593,
      "acc_stderr": 0.014065393872029612,
      "acc_norm": 0.592956592956593,
      "acc_norm_stderr": 0.014065393872029612
    },
    "helm|med_qa|0": {
      "acc": 0.3009823182711198,
      "acc_stderr": 0.009094022380979028,
      "acc_norm": 0.3009823182711198,
      "acc_norm_stderr": 0.009094022380979028
    },
    "original|arc:c:letters|0": {
      "acc": 0.6885665529010239,
      "acc_stderr": 0.013532472099850937,
      "acc_norm": 0.6885665529010239,
      "acc_norm_stderr": 0.013532472099850937
    },
    "all": {
      "acc": 0.4631266606054067,
      "acc_stderr": 0.02800915057549293,
      "acc_norm": 0.445047445513055,
      "acc_norm_stderr": 0.027274256950009568
    }
  },
  "versions": {
    "community|MNLP_M3_mcqa_dataset|0": 0,
    "community|mmlu:stem|0": 0,
    "community|mnlp_mcqa_evals|0": 0,
    "community|mnlp_mcqa_evals_legacy|0": 0,
    "helm|commonsenseqa|0": 0,
    "helm|med_qa|0": 0,
    "original|arc:c:letters|0": 0
  },
  "config_tasks": {
    "community|MNLP_M3_mcqa_dataset": {
      "name": "MNLP_M3_mcqa_dataset",
      "prompt_function": "MNLP_M3_mcqa_dataset_harness",
      "hf_repo": "NicoHelemon/MNLP_M3_mcqa_dataset",
      "hf_subset": "",
      "metric": [
        {
          "metric_name": "acc",
          "higher_is_better": true,
          "category": "8",
          "use_case": "1",
          "sample_level_fn": "compute",
          "corpus_level_fn": "mean"
        },
        {
          "metric_name": "acc_norm",
          "higher_is_better": true,
          "category": "8",
          "use_case": "1",
          "sample_level_fn": "compute",
          "corpus_level_fn": "mean"
        }
      ],
      "hf_revision": null,
      "hf_filter": null,
      "hf_avail_splits": [
        "test",
        "validation"
      ],
      "trust_dataset": true,
      "limited_num_samples": 0,
      "evaluation_splits": [
        "test",
        "validation"
      ],
      "few_shots_split": null,
      "few_shots_select": null,
      "generation_size": -1,
      "generation_grammar": null,
      "stop_sequence": [],
      "num_samples": null,
      "suite": [
        "community"
      ],
      "original_num_docs": 1333,
      "effective_num_docs": 1333,
      "must_remove_duplicate_docs": false,
      "version": 0
    },
    "community|mmlu:stem": {
      "name": "mmlu:stem",
      "prompt_function": "mmlu_harness",
      "hf_repo": "NicoHelemon/mmlu_STEM",
      "hf_subset": "",
      "metric": [
        {
          "metric_name": "acc",
          "higher_is_better": true,
          "category": "8",
          "use_case": "1",
          "sample_level_fn": "compute",
          "corpus_level_fn": "mean"
        },
        {
          "metric_name": "acc_norm",
          "higher_is_better": true,
          "category": "8",
          "use_case": "1",
          "sample_level_fn": "compute",
          "corpus_level_fn": "mean"
        }
      ],
      "hf_revision": null,
      "hf_filter": null,
      "hf_avail_splits": [
        "test",
        "validation",
        "dev"
      ],
      "trust_dataset": true,
      "limited_num_samples": 0,
      "evaluation_splits": [
        "test"
      ],
      "few_shots_split": null,
      "few_shots_select": null,
      "generation_size": -1,
      "generation_grammar": null,
      "stop_sequence": [],
      "num_samples": null,
      "suite": [
        "community"
      ],
      "original_num_docs": 4339,
      "effective_num_docs": 4339,
      "must_remove_duplicate_docs": false,
      "version": 0
    },
    "community|mnlp_mcqa_evals": {
      "name": "mnlp_mcqa_evals",
      "prompt_function": "mmlu_harness",
      "hf_repo": "zechen-nlp/MNLP_STEM_mcqa_demo",
      "hf_subset": "",
      "metric": [
        {
          "metric_name": "acc",
          "higher_is_better": true,
          "category": "8",
          "use_case": "1",
          "sample_level_fn": "compute",
          "corpus_level_fn": "mean"
        },
        {
          "metric_name": "acc_norm",
          "higher_is_better": true,
          "category": "8",
          "use_case": "1",
          "sample_level_fn": "compute",
          "corpus_level_fn": "mean"
        }
      ],
      "hf_revision": null,
      "hf_filter": null,
      "hf_avail_splits": [
        "test"
      ],
      "trust_dataset": true,
      "limited_num_samples": 0,
      "evaluation_splits": [
        "test"
      ],
      "few_shots_split": null,
      "few_shots_select": null,
      "generation_size": -1,
      "generation_grammar": null,
      "stop_sequence": [],
      "num_samples": null,
      "suite": [
        "community"
      ],
      "original_num_docs": 50,
      "effective_num_docs": 50,
      "must_remove_duplicate_docs": false,
      "version": 0
    },
    "community|mnlp_mcqa_evals_legacy": {
      "name": "mnlp_mcqa_evals_legacy",
      "prompt_function": "mmlu_harness_legacy",
      "hf_repo": "zechen-nlp/MNLP_STEM_mcqa_demo",
      "hf_subset": "",
      "metric": [
        {
          "metric_name": "acc",
          "higher_is_better": true,
          "category": "8",
          "use_case": "1",
          "sample_level_fn": "compute",
          "corpus_level_fn": "mean"
        },
        {
          "metric_name": "acc_norm",
          "higher_is_better": true,
          "category": "8",
          "use_case": "1",
          "sample_level_fn": "compute",
          "corpus_level_fn": "mean"
        }
      ],
      "hf_revision": null,
      "hf_filter": null,
      "hf_avail_splits": [
        "test"
      ],
      "trust_dataset": true,
      "limited_num_samples": 0,
      "evaluation_splits": [
        "test"
      ],
      "few_shots_split": null,
      "few_shots_select": null,
      "generation_size": -1,
      "generation_grammar": null,
      "stop_sequence": [],
      "num_samples": null,
      "suite": [
        "community"
      ],
      "original_num_docs": 50,
      "effective_num_docs": 50,
      "must_remove_duplicate_docs": false,
      "version": 0
    },
    "helm|commonsenseqa": {
      "name": "commonsenseqa",
      "prompt_function": "commonsense_qa",
      "hf_repo": "commonsense_qa",
      "hf_subset": "default",