{
  "config_general": {
    "lighteval_sha": "702bb4a3263834885f27eb8fc348578845670abc",
    "num_fewshot_seeds": 1,
    "override_batch_size": -1,
    "max_samples": null,
    "job_id": 0,
    "start_time": 426921.915103883,
    "end_time": 427586.980516373,
    "total_evaluation_time_secondes": "665.0654124899884",
    "model_name": "NicoHelemon/MNLP_M2_mcqa_model_cot10",
    "model_sha": "54b708eccb3c117a4123597a8bed74d07061a6b6",
    "model_dtype": "torch.float16",
    "model_size": "1.11 GB",
    "generation_parameters": {
      "early_stopping": null,
      "repetition_penalty": null,
      "frequency_penalty": null,
      "length_penalty": null,
      "presence_penalty": null,
      "max_new_tokens": null,
      "min_new_tokens": null,
      "seed": null,
      "stop_tokens": null,
      "temperature": 0.0,
      "top_k": null,
      "min_p": null,
      "top_p": null,
      "truncate_prompt": null,
      "response_format": null
    }
  },
  "results": {
    "community|mmlu:stem|0": {
      "acc": 0.5038027195206268,
      "acc_stderr": 0.007591239086152373,
      "acc_norm": 0.5038027195206268,
      "acc_norm_stderr": 0.007591239086152373
    },
    "community|mnlp_mcqa_evals|0": {
      "acc": 0.42,
      "acc_stderr": 0.07050835816716035,
      "acc_norm": 0.42,
      "acc_norm_stderr": 0.07050835816716035
    },
    "helm|commonsenseqa|0": {
      "acc": 0.36609336609336607,
      "acc_stderr": 0.013792044909419142,
      "acc_norm": 0.36609336609336607,
      "acc_norm_stderr": 0.013792044909419142
    },
    "helm|med_qa|0": {
      "acc": 0.21178781925343812,
      "acc_stderr": 0.008100531343443783,
      "acc_norm": 0.21178781925343812,
      "acc_norm_stderr": 0.008100531343443783
    },
    "original|arc:c:letters|0": {
      "acc": 0.4667235494880546,
      "acc_stderr": 0.01457899585960582,
      "acc_norm": 0.4667235494880546,
      "acc_norm_stderr": 0.01457899585960582
    },
    "all": {
      "acc": 0.39368149087109716,
      "acc_stderr": 0.022914233873156293,
      "acc_norm": 0.39368149087109716,
      "acc_norm_stderr": 0.022914233873156293
    }
  },
  "versions": {
    "community|mmlu:stem|0": 0,
    "community|mnlp_mcqa_evals|0": 0,
    "helm|commonsenseqa|0": 0,
    "helm|med_qa|0": 0,
    "original|arc:c:letters|0": 0
  },
  "config_tasks": {
    "community|mmlu:stem": {
      "name": "mmlu:stem",
      "prompt_function": "mmlu_harness",
      "hf_repo": "NicoHelemon/mmlu_STEM",
      "hf_subset": "",
      "metric": [
        {
          "metric_name": "acc",
          "higher_is_better": true,
          "category": "8",
          "use_case": "1",
          "sample_level_fn": "compute",
          "corpus_level_fn": "mean"
        },
        {
          "metric_name": "acc_norm",
          "higher_is_better": true,
          "category": "8",
          "use_case": "1",
          "sample_level_fn": "compute",
          "corpus_level_fn": "mean"
        }
      ],
      "hf_revision": null,
      "hf_filter": null,
      "hf_avail_splits": [
        "test",
        "validation",
        "dev"
      ],
      "trust_dataset": true,
      "limited_num_samples": 0,
      "evaluation_splits": [
        "test"
      ],
      "few_shots_split": null,
      "few_shots_select": null,
      "generation_size": -1,
      "generation_grammar": null,
      "stop_sequence": [],
      "num_samples": null,
      "suite": [
        "community"
      ],
      "original_num_docs": 4339,
      "effective_num_docs": 4339,
      "must_remove_duplicate_docs": false,
      "version": 0
    },
    "community|mnlp_mcqa_evals": {
      "name": "mnlp_mcqa_evals",
      "prompt_function": "mmlu_harness",
      "hf_repo": "zechen-nlp/MNLP_STEM_mcqa_demo",
      "hf_subset": "",
      "metric": [
        {
          "metric_name": "acc",
          "higher_is_better": true,
          "category": "8",
          "use_case": "1",
          "sample_level_fn": "compute",
          "corpus_level_fn": "mean"
        },
        {
          "metric_name": "acc_norm",
          "higher_is_better": true,
          "category": "8",
          "use_case": "1",
          "sample_level_fn": "compute",
          "corpus_level_fn": "mean"
        }
      ],
      "hf_revision": null,
      "hf_filter": null,
      "hf_avail_splits": [
        "test"
      ],
      "trust_dataset": true,
      "limited_num_samples": 0,
      "evaluation_splits": [
        "test"
      ],
      "few_shots_split": null,
      "few_shots_select": null,
      "generation_size": -1,
      "generation_grammar": null,
      "stop_sequence": [],
      "num_samples": null,
      "suite": [
        "community"
      ],
      "original_num_docs": 50,
      "effective_num_docs": 50,
      "must_remove_duplicate_docs": false,
      "version": 0
    },
    "helm|commonsenseqa": {
      "name": "commonsenseqa",
      "prompt_function": "commonsense_qa",
      "hf_repo": "commonsense_qa",
      "hf_subset": "default",
      "metric": [
        {
          "metric_name": "acc",
          "higher_is_better": true,
          "category": "8",
          "use_case": "1",
          "sample_level_fn": "compute",
          "corpus_level_fn": "mean"
        },
        {
          "metric_name": "acc_norm",
          "higher_is_better": true,
          "category": "8",
          "use_case": "1",
          "sample_level_fn": "compute",
          "corpus_level_fn": "mean"
        }
      ],
      "hf_revision": null,
      "hf_filter": null,
      "hf_avail_splits": [
        "train",
        "test",
        "validation"
      ],
      "trust_dataset": true,
      "limited_num_samples": -1,
      "evaluation_splits": [
        "validation"
      ],
      "few_shots_split": null,
      "few_shots_select": null,
      "generation_size": 1,
      "generation_grammar": null,
      "stop_sequence": [
        "\n"
      ],
      "num_samples": null,
      "suite": [
        "helm",
        "commonsense_scenario"
      ],
      "original_num_docs": 1221,
      "effective_num_docs": 1221,
      "must_remove_duplicate_docs": false,
      "version": 0
    },
    "helm|med_qa": {
      "name": "med_qa",
      "prompt_function": "med_qa",
      "hf_repo": "bigbio/med_qa",
      "hf_subset": "med_qa_en_source",
      "metric": [
        {
          "metric_name": "acc",
          "higher_is_better": true,
          "category": "8",
          "use_case": "1",
          "sample_level_fn": "compute",
          "corpus_level_fn": "mean"
        },
        {
          "metric_name": "acc_norm",
          "higher_is_better": true,
          "category": "8",
          "use_case": "1",
          "sample_level_fn": "compute",
          "corpus_level_fn": "mean"
        }
      ],
      "hf_revision": null,
      "hf_filter": null,
      "hf_avail_splits": [
        "train",
        "test",
        "validation"
      ],
      "trust_dataset": true,
      "limited_num_samples": -1,
      "evaluation_splits": [
        "validation",
        "test"
      ],
      "few_shots_split": null,
      "few_shots_select": null,
      "generation_size": 5,
      "generation_grammar": null,
      "stop_sequence": [
        "\n"
      ],
      "num_samples": null,
      "suite": [
        "helm"
      ],
      "original_num_docs": 2545,
      "effective_num_docs": 2545,
      "must_remove_duplicate_docs": false,
      "version": 0
    },
    "original|arc:c:letters": {
      "name": "arc:c:letters",
      "prompt_function": "arc_with_options_letters_predict",
      "hf_repo": "ai2_arc",
      "hf_subset": "ARC-Challenge",
      "metric": [
        {
          "metric_name": "acc",
          "higher_is_better": true,
          "category": "8",
          "use_case": "1",
          "sample_level_fn": "compute",
          "corpus_level_fn": "mean"
        },
        {
          "metric_name": "acc_norm",
          "higher_is_better": true,
          "category": "8",
          "use_case": "1",
          "sample_level_fn": "compute",