{
  "config_general": {
    "lighteval_sha": "702bb4a3263834885f27eb8fc348578845670abc",
    "num_fewshot_seeds": 1,
    "override_batch_size": -1,
    "max_samples": null,
    "job_id": 0,
    "start_time": 411526.533435681,
    "end_time": 413008.253532001,
    "total_evaluation_time_secondes": "1481.720096319972",
    "model_name": "NicoHelemon/MNLP_M2_mcqa_model_cot00",
    "model_sha": "7e6a9c76decab015c6b513a86e7f526070eec65b",
    "model_dtype": "torch.float16",
    "model_size": "1.11 GB",
    "generation_parameters": {
      "early_stopping": null,
      "repetition_penalty": null,
      "frequency_penalty": null,
      "length_penalty": null,
      "presence_penalty": null,
      "max_new_tokens": null,
      "min_new_tokens": null,
      "seed": null,
      "stop_tokens": null,
      "temperature": 0.0,
      "top_k": null,
      "min_p": null,
      "top_p": null,
      "truncate_prompt": null,
      "response_format": null
    }
  },
  "results": {
    "community|mmlu:stem|0": {
      "acc": 0.4694630099101175,
      "acc_stderr": 0.00757728722902174,
      "acc_norm": 0.4694630099101175,
      "acc_norm_stderr": 0.00757728722902174
    },
    "community|mnlp_mcqa_evals|0": {
      "acc": 0.36,
      "acc_stderr": 0.06857142857142856,
      "acc_norm": 0.36,
      "acc_norm_stderr": 0.06857142857142856
    },
    "helm|commonsenseqa|0": {
      "acc": 0.5675675675675675,
      "acc_stderr": 0.014183649782696818,
      "acc_norm": 0.5675675675675675,
      "acc_norm_stderr": 0.014183649782696818
    },
    "helm|med_qa|0": {
      "acc": 0.2636542239685658,
      "acc_stderr": 0.008735740270787315,
      "acc_norm": 0.2636542239685658,
      "acc_norm_stderr": 0.008735740270787315
    },
    "original|arc:c:letters|0": {
      "acc": 0.5170648464163823,
      "acc_stderr": 0.014602878388536597,
      "acc_norm": 0.5170648464163823,
      "acc_norm_stderr": 0.014602878388536597
    },
    "all": {
      "acc": 0.43554992957252664,
      "acc_stderr": 0.022734196848494204,
      "acc_norm": 0.43554992957252664,
      "acc_norm_stderr": 0.022734196848494204
    }
  },
  "versions": {
    "community|mmlu:stem|0": 0,
    "community|mnlp_mcqa_evals|0": 0,
    "helm|commonsenseqa|0": 0,
    "helm|med_qa|0": 0,
    "original|arc:c:letters|0": 0
  },
  "config_tasks": {
    "community|mmlu:stem": {
      "name": "mmlu:stem",
      "prompt_function": "mmlu_harness",
      "hf_repo": "NicoHelemon/mmlu_STEM",
      "hf_subset": "",
      "metric": [
        {
          "metric_name": "acc",
          "higher_is_better": true,
          "category": "8",
          "use_case": "1",
          "sample_level_fn": "compute",
          "corpus_level_fn": "mean"
        },
        {
          "metric_name": "acc_norm",
          "higher_is_better": true,
          "category": "8",
          "use_case": "1",
          "sample_level_fn": "compute",
          "corpus_level_fn": "mean"
        }
      ],
      "hf_revision": null,
      "hf_filter": null,
      "hf_avail_splits": [
        "test",
        "validation",
        "dev"
      ],
      "trust_dataset": true,
      "limited_num_samples": 0,
      "evaluation_splits": [
        "test"
      ],
      "few_shots_split": null,
      "few_shots_select": null,
      "generation_size": -1,
      "generation_grammar": null,
      "stop_sequence": [],
      "num_samples": null,
      "suite": [
        "community"
      ],
      "original_num_docs": 4339,
      "effective_num_docs": 4339,
      "must_remove_duplicate_docs": false,
      "version": 0
    },
    "community|mnlp_mcqa_evals": {
      "name": "mnlp_mcqa_evals",
      "prompt_function": "mmlu_harness",
      "hf_repo": "zechen-nlp/MNLP_STEM_mcqa_demo",
      "hf_subset": "",
      "metric": [
        {
          "metric_name": "acc",
          "higher_is_better": true,
          "category": "8",
          "use_case": "1",
          "sample_level_fn": "compute",
          "corpus_level_fn": "mean"
        },
        {
          "metric_name": "acc_norm",
          "higher_is_better": true,
          "category": "8",
          "use_case": "1",
          "sample_level_fn": "compute",
          "corpus_level_fn": "mean"
        }
      ],
      "hf_revision": null,
      "hf_filter": null,
      "hf_avail_splits": [
        "test"
      ],
      "trust_dataset": true,
      "limited_num_samples": 0,
      "evaluation_splits": [
        "test"
      ],
      "few_shots_split": null,
      "few_shots_select": null,
      "generation_size": -1,
      "generation_grammar": null,
      "stop_sequence": [],
      "num_samples": null,
      "suite": [
        "community"
      ],
      "original_num_docs": 50,
      "effective_num_docs": 50,
      "must_remove_duplicate_docs": false,
      "version": 0
    },
    "helm|commonsenseqa": {
      "name": "commonsenseqa",
      "prompt_function": "commonsense_qa",
      "hf_repo": "commonsense_qa",
      "hf_subset": "default",
      "metric": [
        {
          "metric_name": "acc",
          "higher_is_better": true,
          "category": "8",
          "use_case": "1",
          "sample_level_fn": "compute",
          "corpus_level_fn": "mean"
        },
        {
          "metric_name": "acc_norm",
          "higher_is_better": true,
          "category": "8",
          "use_case": "1",
          "sample_level_fn": "compute",
          "corpus_level_fn": "mean"
        }
      ],
      "hf_revision": null,
      "hf_filter": null,
      "hf_avail_splits": [
        "train",
        "test",
        "validation"
      ],
      "trust_dataset": true,
      "limited_num_samples": -1,
      "evaluation_splits": [
        "validation"
      ],
      "few_shots_split": null,
      "few_shots_select": null,
      "generation_size": 1,
      "generation_grammar": null,
      "stop_sequence": [
        "\n"
      ],
      "num_samples": null,
      "suite": [
        "helm",
        "commonsense_scenario"
      ],
      "original_num_docs": 1221,
      "effective_num_docs": 1221,
      "must_remove_duplicate_docs": false,
      "version": 0
    },
    "helm|med_qa": {
      "name": "med_qa",
      "prompt_function": "med_qa",
      "hf_repo": "bigbio/med_qa",
      "hf_subset": "med_qa_en_source",
      "metric": [
        {
          "metric_name": "acc",
          "higher_is_better": true,
          "category": "8",
          "use_case": "1",
          "sample_level_fn": "compute",
          "corpus_level_fn": "mean"
        },
        {
          "metric_name": "acc_norm",
          "higher_is_better": true,
          "category": "8",
          "use_case": "1",
          "sample_level_fn": "compute",
          "corpus_level_fn": "mean"
        }
      ],
      "hf_revision": null,
      "hf_filter": null,
      "hf_avail_splits": [
        "train",
        "test",
        "validation"
      ],
      "trust_dataset": true,
      "limited_num_samples": -1,
      "evaluation_splits": [
        "validation",
        "test"
      ],
      "few_shots_split": null,
      "few_shots_select": null,
      "generation_size": 5,
      "generation_grammar": null,
      "stop_sequence": [
        "\n"
      ],
      "num_samples": null,
      "suite": [
        "helm"
      ],
      "original_num_docs": 2545,
      "effective_num_docs": 2545,
      "must_remove_duplicate_docs": false,
      "version": 0
    },
    "original|arc:c:letters": {
      "name": "arc:c:letters",
      "prompt_function": "arc_with_options_letters_predict",
      "hf_repo": "ai2_arc",
      "hf_subset": "ARC-Challenge",
      "metric": [
        {
          "metric_name": "acc",
          "higher_is_better": true,
          "category": "8",
          "use_case": "1",
          "sample_level_fn": "compute",
          "corpus_level_fn": "mean"
        },
        {
          "metric_name": "acc_norm",
          "higher_is_better": true,
          "category": "8",
          "use_case": "1",
          "sample_level_fn": "compute",