{
  "config_general": {
    "lighteval_sha": "564ffe324ee8de9c0de34e232380a9307c5e5303",
    "num_fewshot_seeds": 1,
    "override_batch_size": -1,
    "max_samples": null,
    "job_id": 0,
    "start_time": 1635195.152138248,
    "end_time": 1635925.226045547,
    "total_evaluation_time_secondes": "730.0739072989672",
    "model_name": "NicoHelemon/MNLP_M3_mcqa_model_cot10_e1",
    "model_sha": "0a47f0ad5781131ae63a7609559f0c517ddc8ce0",
    "model_dtype": "torch.float16",
    "model_size": "1.11 GB",
    "generation_parameters": {
      "early_stopping": null,
      "repetition_penalty": null,
      "frequency_penalty": null,
      "length_penalty": null,
      "presence_penalty": null,
      "max_new_tokens": null,
      "min_new_tokens": null,
      "seed": null,
      "stop_tokens": null,
      "temperature": 0.0,
      "top_k": null,
      "min_p": null,
      "top_p": null,
      "truncate_prompt": null,
      "response_format": null
    }
  },
  "results": {
    "community|MNLP_M3_mcqa_dataset|0": {
      "acc": 0.41935483870967744,
      "acc_stderr": 0.013520542649756544,
      "acc_norm": 0.41935483870967744,
      "acc_norm_stderr": 0.013520542649756544
    },
    "community|mmlu:stem|0": {
      "acc": 0.4805254666973957,
      "acc_stderr": 0.007585698224605162,
      "acc_norm": 0.4805254666973957,
      "acc_norm_stderr": 0.007585698224605162
    },
    "community|mnlp_mcqa_evals|0": {
      "acc": 0.2,
      "acc_stderr": 0.05714285714285715,
      "acc_norm": 0.26,
      "acc_norm_stderr": 0.06266203485560375
    },
    "community|mnlp_mcqa_evals_legacy|0": {
      "acc": 0.42,
      "acc_stderr": 0.07050835816716035,
      "acc_norm": 0.42,
      "acc_norm_stderr": 0.07050835816716035
    },
    "helm|commonsenseqa|0": {
      "acc": 0.4021294021294021,
      "acc_stderr": 0.014038043920310484,
      "acc_norm": 0.4021294021294021,
      "acc_norm_stderr": 0.014038043920310484
    },
    "helm|med_qa|0": {
      "acc": 0.25343811394891946,
      "acc_stderr": 0.008624031172159792,
      "acc_norm": 0.25343811394891946,
      "acc_norm_stderr": 0.008624031172159792
    },
    "original|arc:c:letters|0": {
      "acc": 0.5947098976109215,
      "acc_stderr": 0.014346869060229321,
      "acc_norm": 0.5947098976109215,
      "acc_norm_stderr": 0.014346869060229321
    },
    "all": {
      "acc": 0.39573681701375946,
      "acc_stderr": 0.02653805719101126,
      "acc_norm": 0.4043082455851881,
      "acc_norm_stderr": 0.02732651114997506
    }
  },
  "versions": {
    "community|MNLP_M3_mcqa_dataset|0": 0,
    "community|mmlu:stem|0": 0,
    "community|mnlp_mcqa_evals|0": 0,
    "community|mnlp_mcqa_evals_legacy|0": 0,
    "helm|commonsenseqa|0": 0,
    "helm|med_qa|0": 0,
    "original|arc:c:letters|0": 0
  },
  "config_tasks": {
    "community|MNLP_M3_mcqa_dataset": {
      "name": "MNLP_M3_mcqa_dataset",
      "prompt_function": "MNLP_M3_mcqa_dataset_harness",
      "hf_repo": "NicoHelemon/MNLP_M3_mcqa_dataset",
      "hf_subset": "",
      "metric": [
        {
          "metric_name": "acc",
          "higher_is_better": true,
          "category": "8",
          "use_case": "1",
          "sample_level_fn": "compute",
          "corpus_level_fn": "mean"
        },
        {
          "metric_name": "acc_norm",
          "higher_is_better": true,
          "category": "8",
          "use_case": "1",
          "sample_level_fn": "compute",
          "corpus_level_fn": "mean"
        }
      ],
      "hf_revision": null,
      "hf_filter": null,
      "hf_avail_splits": [
        "test",
        "validation"
      ],
      "trust_dataset": true,
      "limited_num_samples": 0,
      "evaluation_splits": [
        "test",
        "validation"
      ],
      "few_shots_split": null,
      "few_shots_select": null,
      "generation_size": -1,
      "generation_grammar": null,
      "stop_sequence": [],
      "num_samples": null,
      "suite": [
        "community"
      ],
      "original_num_docs": 1333,
      "effective_num_docs": 1333,
      "must_remove_duplicate_docs": false,
      "version": 0
    },
    "community|mmlu:stem": {
      "name": "mmlu:stem",
      "prompt_function": "mmlu_harness_legacy",
      "hf_repo": "NicoHelemon/mmlu_STEM",
      "hf_subset": "",
      "metric": [
        {
          "metric_name": "acc",
          "higher_is_better": true,
          "category": "8",
          "use_case": "1",
          "sample_level_fn": "compute",
          "corpus_level_fn": "mean"
        },
        {
          "metric_name": "acc_norm",
          "higher_is_better": true,
          "category": "8",
          "use_case": "1",
          "sample_level_fn": "compute",
          "corpus_level_fn": "mean"
        }
      ],
      "hf_revision": null,
      "hf_filter": null,
      "hf_avail_splits": [
        "test",
        "validation",
        "dev"
      ],
      "trust_dataset": true,
      "limited_num_samples": 0,
      "evaluation_splits": [
        "test"
      ],
      "few_shots_split": null,
      "few_shots_select": null,
      "generation_size": -1,
      "generation_grammar": null,
      "stop_sequence": [],
      "num_samples": null,
      "suite": [
        "community"
      ],
      "original_num_docs": 4339,
      "effective_num_docs": 4339,
      "must_remove_duplicate_docs": false,
      "version": 0
    },
    "community|mnlp_mcqa_evals": {
      "name": "mnlp_mcqa_evals",
      "prompt_function": "mmlu_harness",
      "hf_repo": "zechen-nlp/MNLP_STEM_mcqa_demo",
      "hf_subset": "",
      "metric": [
        {
          "metric_name": "acc",
          "higher_is_better": true,
          "category": "8",
          "use_case": "1",
          "sample_level_fn": "compute",
          "corpus_level_fn": "mean"
        },
        {
          "metric_name": "acc_norm",
          "higher_is_better": true,
          "category": "8",
          "use_case": "1",
          "sample_level_fn": "compute",
          "corpus_level_fn": "mean"
        }
      ],
      "hf_revision": null,
      "hf_filter": null,
      "hf_avail_splits": [
        "test"
      ],
      "trust_dataset": true,
      "limited_num_samples": 0,
      "evaluation_splits": [
        "test"
      ],
      "few_shots_split": null,
      "few_shots_select": null,
      "generation_size": -1,
      "generation_grammar": null,
      "stop_sequence": [],
      "num_samples": null,
      "suite": [
        "community"
      ],
      "original_num_docs": 50,
      "effective_num_docs": 50,
      "must_remove_duplicate_docs": false,
      "version": 0
    },
    "community|mnlp_mcqa_evals_legacy": {
      "name": "mnlp_mcqa_evals_legacy",
      "prompt_function": "mmlu_harness_legacy",
      "hf_repo": "zechen-nlp/MNLP_STEM_mcqa_demo",
      "hf_subset": "",
      "metric": [
        {
          "metric_name": "acc",
          "higher_is_better": true,
          "category": "8",
          "use_case": "1",
          "sample_level_fn": "compute",
          "corpus_level_fn": "mean"
        },
        {
          "metric_name": "acc_norm",
          "higher_is_better": true,
          "category": "8",
          "use_case": "1",
          "sample_level_fn": "compute",
          "corpus_level_fn": "mean"
        }
      ],
      "hf_revision": null,
      "hf_filter": null,
      "hf_avail_splits": [
        "test"
      ],
      "trust_dataset": true,
      "limited_num_samples": 0,
      "evaluation_splits": [
        "test"
      ],
      "few_shots_split": null,
      "few_shots_select": null,
      "generation_size": -1,
      "generation_grammar": null,
      "stop_sequence": [],
      "num_samples": null,
      "suite": [
        "community"
      ],
      "original_num_docs": 50,
      "effective_num_docs": 50,
      "must_remove_duplicate_docs": false,
      "version": 0
    },
    "helm|commonsenseqa": {
      "name": "commonsenseqa",
      "prompt_function": "commonsense_qa",
      "hf_repo": "commonsense_qa",
      "hf_subset": "default",