{
  "config_general": {
    "lighteval_sha": "?",
    "num_fewshot_seeds": 1,
    "override_batch_size": -1,
    "max_samples": null,
    "job_id": 0,
    "start_time": 533482.299656519,
    "end_time": 534999.315546699,
    "total_evaluation_time_secondes": "1517.0158901800169",
    "model_name": "NicoHelemon/MNLP_M2_mcqa_model_cot00_e2",
    "model_sha": "e0ca39650ecfd0d33c35f9e85b36afca2de4e51a",
    "model_dtype": "torch.float16",
    "model_size": "1.11 GB",
    "generation_parameters": {
      "early_stopping": null,
      "repetition_penalty": null,
      "frequency_penalty": null,
      "length_penalty": null,
      "presence_penalty": null,
      "max_new_tokens": null,
      "min_new_tokens": null,
      "seed": null,
      "stop_tokens": null,
      "temperature": 0.0,
      "top_k": null,
      "min_p": null,
      "top_p": null,
      "truncate_prompt": null,
      "response_format": null
    }
  },
  "results": {
    "community|mmlu:stem|0": {
      "acc": 0.5033417838211569,
      "acc_stderr": 0.0075912890871589495,
      "acc_norm": 0.5033417838211569,
      "acc_norm_stderr": 0.0075912890871589495
    },
    "community|mnlp_mcqa_evals|0": {
      "acc": 0.34,
      "acc_stderr": 0.06767268161329719,
      "acc_norm": 0.34,
      "acc_norm_stderr": 0.06767268161329719
    },
    "helm|commonsenseqa|0": {
      "acc": 0.5978705978705978,
      "acc_stderr": 0.01403804392031049,
      "acc_norm": 0.5978705978705978,
      "acc_norm_stderr": 0.01403804392031049
    },
    "helm|med_qa|0": {
      "acc": 0.28526522593320236,
      "acc_stderr": 0.008952376112120373,
      "acc_norm": 0.28526522593320236,
      "acc_norm_stderr": 0.008952376112120373
    },
    "original|arc:c:letters|0": {
      "acc": 0.5776450511945392,
      "acc_stderr": 0.014434138713379984,
      "acc_norm": 0.5776450511945392,
      "acc_norm_stderr": 0.014434138713379984
    },
    "all": {
      "acc": 0.46082453176389926,
      "acc_stderr": 0.022537705889253395,
      "acc_norm": 0.46082453176389926,
      "acc_norm_stderr": 0.022537705889253395
    }
  },
  "versions": {
    "community|mmlu:stem|0": 0,
    "community|mnlp_mcqa_evals|0": 0,
    "helm|commonsenseqa|0": 0,
    "helm|med_qa|0": 0,
    "original|arc:c:letters|0": 0
  },
  "config_tasks": {
    "community|mmlu:stem": {
      "name": "mmlu:stem",
      "prompt_function": "mmlu_harness",
      "hf_repo": "NicoHelemon/mmlu_STEM",
      "hf_subset": "",
      "metric": [
        {
          "metric_name": "acc",
          "higher_is_better": true,
          "category": "8",
          "use_case": "1",
          "sample_level_fn": "compute",
          "corpus_level_fn": "mean"
        },
        {
          "metric_name": "acc_norm",
          "higher_is_better": true,
          "category": "8",
          "use_case": "1",
          "sample_level_fn": "compute",
          "corpus_level_fn": "mean"
        }
      ],
      "hf_revision": null,
      "hf_filter": null,
      "hf_avail_splits": [
        "test",
        "validation",
        "dev"
      ],
      "trust_dataset": true,
      "limited_num_samples": 0,
      "evaluation_splits": [
        "test"
      ],
      "few_shots_split": null,
      "few_shots_select": null,
      "generation_size": -1,
      "generation_grammar": null,
      "stop_sequence": [],
      "num_samples": null,
      "suite": [
        "community"
      ],
      "original_num_docs": 4339,
      "effective_num_docs": 4339,
      "must_remove_duplicate_docs": false,
      "version": 0
    },
    "community|mnlp_mcqa_evals": {
      "name": "mnlp_mcqa_evals",
      "prompt_function": "mmlu_harness",
      "hf_repo": "zechen-nlp/MNLP_STEM_mcqa_demo",
      "hf_subset": "",
      "metric": [
        {
          "metric_name": "acc",
          "higher_is_better": true,
          "category": "8",
          "use_case": "1",
          "sample_level_fn": "compute",
          "corpus_level_fn": "mean"
        },
        {
          "metric_name": "acc_norm",
          "higher_is_better": true,
          "category": "8",
          "use_case": "1",
          "sample_level_fn": "compute",
          "corpus_level_fn": "mean"
        }
      ],
      "hf_revision": null,
      "hf_filter": null,
      "hf_avail_splits": [
        "test"
      ],
      "trust_dataset": true,
      "limited_num_samples": 0,
      "evaluation_splits": [
        "test"
      ],
      "few_shots_split": null,
      "few_shots_select": null,
      "generation_size": -1,
      "generation_grammar": null,
      "stop_sequence": [],
      "num_samples": null,
      "suite": [
        "community"
      ],
      "original_num_docs": 50,
      "effective_num_docs": 50,
      "must_remove_duplicate_docs": false,
      "version": 0
    },
    "helm|commonsenseqa": {
      "name": "commonsenseqa",
      "prompt_function": "commonsense_qa",
      "hf_repo": "commonsense_qa",
      "hf_subset": "default",
      "metric": [
        {
          "metric_name": "acc",
          "higher_is_better": true,
          "category": "8",
          "use_case": "1",
          "sample_level_fn": "compute",
          "corpus_level_fn": "mean"
        },
        {
          "metric_name": "acc_norm",
          "higher_is_better": true,
          "category": "8",
          "use_case": "1",
          "sample_level_fn": "compute",
          "corpus_level_fn": "mean"
        }
      ],
      "hf_revision": null,
      "hf_filter": null,
      "hf_avail_splits": [
        "train",
        "test",
        "validation"
      ],
      "trust_dataset": true,
      "limited_num_samples": -1,
      "evaluation_splits": [
        "validation"
      ],
      "few_shots_split": null,
      "few_shots_select": null,
      "generation_size": 1,
      "generation_grammar": null,
      "stop_sequence": [
        "\n"
      ],
      "num_samples": null,
      "suite": [
        "helm",
        "commonsense_scenario"
      ],
      "original_num_docs": 1221,
      "effective_num_docs": 1221,
      "must_remove_duplicate_docs": false,
      "version": 0
    },
    "helm|med_qa": {
      "name": "med_qa",
      "prompt_function": "med_qa",
      "hf_repo": "bigbio/med_qa",
      "hf_subset": "med_qa_en_source",
      "metric": [
        {
          "metric_name": "acc",
          "higher_is_better": true,
          "category": "8",
          "use_case": "1",
          "sample_level_fn": "compute",
          "corpus_level_fn": "mean"
        },
        {
          "metric_name": "acc_norm",
          "higher_is_better": true,
          "category": "8",
          "use_case": "1",
          "sample_level_fn": "compute",
          "corpus_level_fn": "mean"
        }
      ],
      "hf_revision": null,
      "hf_filter": null,
      "hf_avail_splits": [
        "train",
        "test",
        "validation"
      ],
      "trust_dataset": true,
      "limited_num_samples": -1,
      "evaluation_splits": [
        "validation",
        "test"
      ],
      "few_shots_split": null,
      "few_shots_select": null,
      "generation_size": 5,
      "generation_grammar": null,
      "stop_sequence": [
        "\n"
      ],
      "num_samples": null,
      "suite": [
        "helm"
      ],
      "original_num_docs": 2545,
      "effective_num_docs": 2545,
      "must_remove_duplicate_docs": false,
      "version": 0
    },
    "original|arc:c:letters": {
      "name": "arc:c:letters",
      "prompt_function": "arc_with_options_letters_predict",
      "hf_repo": "ai2_arc",
      "hf_subset": "ARC-Challenge",
      "metric": [
        {
          "metric_name": "acc",
          "higher_is_better": true,
          "category": "8",
          "use_case": "1",
          "sample_level_fn": "compute",
          "corpus_level_fn": "mean"
        },
        {
          "metric_name": "acc_norm",
          "higher_is_better": true,
          "category": "8",
          "use_case": "1",
          "sample_level_fn": "compute",
          "corpus_level_fn": "mean"
        }
      ],