{
  "config_general": {
    "lighteval_sha": "564ffe324ee8de9c0de34e232380a9307c5e5303",
    "num_fewshot_seeds": 1,
    "override_batch_size": -1,
    "max_samples": null,
    "job_id": 0,
    "start_time": 1638056.771100584,
    "end_time": 1638730.949320323,
    "total_evaluation_time_secondes": "674.1782197391149",
    "model_name": "NicoHelemon/MNLP_M3_mcqa_model_cot10_e3",
    "model_sha": "1912480bf073de439767da36326b032cf8275d23",
    "model_dtype": "torch.float16",
    "model_size": "1.11 GB",
    "generation_parameters": {
      "early_stopping": null,
      "repetition_penalty": null,
      "frequency_penalty": null,
      "length_penalty": null,
      "presence_penalty": null,
      "max_new_tokens": null,
      "min_new_tokens": null,
      "seed": null,
      "stop_tokens": null,
      "temperature": 0.0,
      "top_k": null,
      "min_p": null,
      "top_p": null,
      "truncate_prompt": null,
      "response_format": null
    }
  },
  "results": {
    "community|MNLP_M3_mcqa_dataset|0": {
      "acc": 0.44486121530382594,
      "acc_stderr": 0.013616357479431714,
      "acc_norm": 0.44486121530382594,
      "acc_norm_stderr": 0.013616357479431714
    },
    "community|mmlu:stem|0": {
      "acc": 0.5040331873703618,
      "acc_stderr": 0.0075912116661058585,
      "acc_norm": 0.5040331873703618,
      "acc_norm_stderr": 0.0075912116661058585
    },
    "community|mnlp_mcqa_evals|0": {
      "acc": 0.24,
      "acc_stderr": 0.06101187572589322,
      "acc_norm": 0.24,
      "acc_norm_stderr": 0.061011875725893235
    },
    "community|mnlp_mcqa_evals_legacy|0": {
      "acc": 0.3,
      "acc_stderr": 0.06546536707079771,
      "acc_norm": 0.3,
      "acc_norm_stderr": 0.06546536707079771
    },
    "helm|commonsenseqa|0": {
      "acc": 0.5544635544635544,
      "acc_stderr": 0.014229780629024427,
      "acc_norm": 0.5544635544635544,
      "acc_norm_stderr": 0.014229780629024427
    },
    "helm|med_qa|0": {
      "acc": 0.3056974459724951,
      "acc_stderr": 0.009134015265244532,
      "acc_norm": 0.3056974459724951,
      "acc_norm_stderr": 0.009134015265244532
    },
    "original|arc:c:letters|0": {
      "acc": 0.6843003412969283,
      "acc_stderr": 0.013582571095815291,
      "acc_norm": 0.6843003412969283,
      "acc_norm_stderr": 0.013582571095815291
    },
    "all": {
      "acc": 0.43333653491530943,
      "acc_stderr": 0.026375882704616105,
      "acc_norm": 0.43333653491530943,
      "acc_norm_stderr": 0.026375882704616112
    }
  },
  "versions": {
    "community|MNLP_M3_mcqa_dataset|0": 0,
    "community|mmlu:stem|0": 0,
    "community|mnlp_mcqa_evals|0": 0,
    "community|mnlp_mcqa_evals_legacy|0": 0,
    "helm|commonsenseqa|0": 0,
    "helm|med_qa|0": 0,
    "original|arc:c:letters|0": 0
  },
  "config_tasks": {
    "community|MNLP_M3_mcqa_dataset": {
      "name": "MNLP_M3_mcqa_dataset",
      "prompt_function": "MNLP_M3_mcqa_dataset_harness",
      "hf_repo": "NicoHelemon/MNLP_M3_mcqa_dataset",
      "hf_subset": "",
      "metric": [
        {
          "metric_name": "acc",
          "higher_is_better": true,
          "category": "8",
          "use_case": "1",
          "sample_level_fn": "compute",
          "corpus_level_fn": "mean"
        },
        {
          "metric_name": "acc_norm",
          "higher_is_better": true,
          "category": "8",
          "use_case": "1",
          "sample_level_fn": "compute",
          "corpus_level_fn": "mean"
        }
      ],
      "hf_revision": null,
      "hf_filter": null,
      "hf_avail_splits": [
        "test",
        "validation"
      ],
      "trust_dataset": true,
      "limited_num_samples": 0,
      "evaluation_splits": [
        "test",
        "validation"
      ],
      "few_shots_split": null,
      "few_shots_select": null,
      "generation_size": -1,
      "generation_grammar": null,
      "stop_sequence": [],
      "num_samples": null,
      "suite": [
        "community"
      ],
      "original_num_docs": 1333,
      "effective_num_docs": 1333,
      "must_remove_duplicate_docs": false,
      "version": 0
    },
    "community|mmlu:stem": {
      "name": "mmlu:stem",
      "prompt_function": "mmlu_harness_legacy",
      "hf_repo": "NicoHelemon/mmlu_STEM",
      "hf_subset": "",
      "metric": [
        {
          "metric_name": "acc",
          "higher_is_better": true,
          "category": "8",
          "use_case": "1",
          "sample_level_fn": "compute",
          "corpus_level_fn": "mean"
        },
        {
          "metric_name": "acc_norm",
          "higher_is_better": true,
          "category": "8",
          "use_case": "1",
          "sample_level_fn": "compute",
          "corpus_level_fn": "mean"
        }
      ],
      "hf_revision": null,
      "hf_filter": null,
      "hf_avail_splits": [
        "test",
        "validation",
        "dev"
      ],
      "trust_dataset": true,
      "limited_num_samples": 0,
      "evaluation_splits": [
        "test"
      ],
      "few_shots_split": null,
      "few_shots_select": null,
      "generation_size": -1,
      "generation_grammar": null,
      "stop_sequence": [],
      "num_samples": null,
      "suite": [
        "community"
      ],
      "original_num_docs": 4339,
      "effective_num_docs": 4339,
      "must_remove_duplicate_docs": false,
      "version": 0
    },
    "community|mnlp_mcqa_evals": {
      "name": "mnlp_mcqa_evals",
      "prompt_function": "mmlu_harness",
      "hf_repo": "zechen-nlp/MNLP_STEM_mcqa_demo",
      "hf_subset": "",
      "metric": [
        {
          "metric_name": "acc",
          "higher_is_better": true,
          "category": "8",
          "use_case": "1",
          "sample_level_fn": "compute",
          "corpus_level_fn": "mean"
        },
        {
          "metric_name": "acc_norm",
          "higher_is_better": true,
          "category": "8",
          "use_case": "1",
          "sample_level_fn": "compute",
          "corpus_level_fn": "mean"
        }
      ],
      "hf_revision": null,
      "hf_filter": null,
      "hf_avail_splits": [
        "test"
      ],
      "trust_dataset": true,
      "limited_num_samples": 0,
      "evaluation_splits": [
        "test"
      ],
      "few_shots_split": null,
      "few_shots_select": null,
      "generation_size": -1,
      "generation_grammar": null,
      "stop_sequence": [],
      "num_samples": null,
      "suite": [
        "community"
      ],
      "original_num_docs": 50,
      "effective_num_docs": 50,
      "must_remove_duplicate_docs": false,
      "version": 0
    },
    "community|mnlp_mcqa_evals_legacy": {
      "name": "mnlp_mcqa_evals_legacy",
      "prompt_function": "mmlu_harness_legacy",
      "hf_repo": "zechen-nlp/MNLP_STEM_mcqa_demo",
      "hf_subset": "",
      "metric": [
        {
          "metric_name": "acc",
          "higher_is_better": true,
          "category": "8",
          "use_case": "1",
          "sample_level_fn": "compute",
          "corpus_level_fn": "mean"
        },
        {
          "metric_name": "acc_norm",
          "higher_is_better": true,
          "category": "8",
          "use_case": "1",
          "sample_level_fn": "compute",
          "corpus_level_fn": "mean"
        }
      ],
      "hf_revision": null,
      "hf_filter": null,
      "hf_avail_splits": [
        "test"
      ],
      "trust_dataset": true,
      "limited_num_samples": 0,
      "evaluation_splits": [
        "test"
      ],
      "few_shots_split": null,
      "few_shots_select": null,
      "generation_size": -1,
      "generation_grammar": null,
      "stop_sequence": [],
      "num_samples": null,
      "suite": [
        "community"
      ],
      "original_num_docs": 50,
      "effective_num_docs": 50,
      "must_remove_duplicate_docs": false,
      "version": 0
    },
    "helm|commonsenseqa": {
      "name": "commonsenseqa",
      "prompt_function": "commonsense_qa",
      "hf_repo": "commonsense_qa",
      "hf_subset": "default",